{"N": [[12.2126, 0.005700], [3.13220, 9.89330], [2.01250, 28.9975], [1.16630, 0.582600], [-11.529, 0]],"Al": [[4.17448, 1.93816], [3.38760, 4.14553], [1.20296, 0.228753], [0.528137, 8.28524], [0.706786, 0]],"Ti": [[17.7344, 0.220610], [8.73816, 7.04716], [5.25691, -0.15762], [1.92134, 15.9768], [-14.652, 0]], "V": [[0, 0], [0, 0], [0, 0], [0, 0], [0, 0]]}