{"N": [[12.2126, 0.005700], [3.13220, 9.89330], [2.01250, 28.9975], [1.16630, 0.582600], [-11.529, 0]],"Al": [[6.42020, 3.03870], [1.90020, 0.742600], [1.59360, 31.3472], [1.96460, 85.0886], [1.11510, 0]],"Ti": [[9.75950, 7.85080], [7.35580, 0.5], [1.69910, 35.6338], [1.90210, 116.105], [1.28070, 0]], "V": [[0, 0], [0, 0], [0, 0], [0, 0], [0, 0]]}