{"N": [[0.8172722710909522, -1.2925527121712503], [79.48586655308632, 9.310073625482636], [101.36759582955955, 12.186830325827792], [-86.52682985074424, 10.77437055159209], [-86.52573992300283, 10.773954665342167]], "Ti": [[1.2119837873633987, -2.4776811329424087], [6.492413826876279, 16.65589175493954], [4.517932931053268, 2.559812780431332], [4.517591292283917, 2.5596499598305407], [4.517747076828216, 2.5598349140546035]], "Al": [[3.6412174498587544, 1.754457235721601], [3.0678345393726274, 20.9827654058742], [2.5859402600489365, 1.7545571998068115], [1.4161783782247892, 1.7544855227484262], [1.4161593180571026, 1.7544772356535938]], "V": [[0, 0], [0, 0], [0, 0], [0, 0], [0, 0]]}