{"N": [[5.538222610210342, 296.1543081808429], [0.8047176495560896, 17.881434207082368], [1.3545440347716258, 3.7834731099822663], [40.70000963535956, 70.41240009340811], [-39.7756725184799, 69.1840354630868]], "Ti": [[9.161599506254205, 115.1902382398287], [0.2411899753997276, -4.758861330497676], [3.314980206251365, 348.8512011284581], [4.272963761722453, 6.650083275064321], [4.273551351763107, 6.649488075843319]], "Al": [[230.79565904950883, 248.91996885082136], [1.8434980754721013, 1.605212889493849], [-229.6760334350416, 246.77401617269177], [4.260821745221831, 84.38940690644449], [4.903009164948298, 30.261618776082045]]}